,Year,Cancer oral
0,1990,28546.0
1,1991,29734.0
2,1992,30653.0
3,1993,30906.0
4,1994,31294.0
5,1995,31726.0
6,1996,31882.0
7,1997,30163.0
8,1998,31157.0
9,1999,32736.0
10,2000,32388.0
11,2001,32725.0
12,2002,32842.0
13,2003,32643.0
14,2004,31221.0
15,2005,31342.0
16,2006,31502.0
17,2007,33130.0
18,2008,33208.0
19,2009,33375.0
20,2010,34184.0
21,2011,34624.0
22,2012,34789.0
23,2013,32196.0
24,2014,36349.0
